{"cameraMode":{"drawMode":0,"name":"Shaded","section":"Shading Mode"},"sceneLighting":true,"audioPlay":false,"sceneViewState":{"showFog":true,"showMaterialUpdate":false,"showSkybox":true,"showFlares":true,"showImageEffects":true,"showParticleSystems":true},"in2DMode":false,"pivot":{"x":-0.5619247555732727,"y":-0.3631458580493927,"z":1.4690093994140626},"rotation":{"x":0.31125393509864809,"y":0.43958812952041628,"z":-0.16561990976333619,"w":0.8261459469795227},"size":5.766351699829102,"orthographic":false}