{"cameraMode":{"drawMode":0,"name":"Shaded","section":"Shading Mode"},"sceneLighting":true,"audioPlay":false,"sceneViewState":{"showFog":true,"showMaterialUpdate":false,"showSkybox":true,"showFlares":true,"showImageEffects":true,"showParticleSystems":true},"in2DMode":false,"pivot":{"x":0.3484960198402405,"y":0.9251282811164856,"z":3.0712790489196779},"rotation":{"x":-0.09482894837856293,"y":0.4290625751018524,"z":-0.04535304009914398,"w":-0.8971495032310486},"size":6.095760822296143,"orthographic":false}