{"cameraMode":{"drawMode":0,"name":"Shaded","section":"Shading Mode"},"sceneLighting":true,"audioPlay":false,"sceneViewState":{"showFog":true,"showMaterialUpdate":false,"showSkybox":true,"showFlares":true,"showImageEffects":true,"showParticleSystems":true},"in2DMode":false,"pivot":{"x":0.17125530540943147,"y":0.685459315776825,"z":0.8406530618667603},"rotation":{"x":0.32298967242240908,"y":0.08643017709255219,"z":-0.029634227976202966,"w":0.9420165419578552},"size":2.992358922958374,"orthographic":false}