{"cameraMode":{"drawMode":0,"name":"Shaded","section":"Shading Mode"},"sceneLighting":true,"audioPlay":false,"sceneViewState":{"showFog":true,"showMaterialUpdate":false,"showSkybox":true,"showFlares":true,"showImageEffects":true,"showParticleSystems":true},"in2DMode":false,"pivot":{"x":0.0,"y":0.20000000298023225,"z":1.5199999809265137},"rotation":{"x":0.3341335654258728,"y":-0.19180966913700105,"z":0.06966501474380493,"w":0.920198917388916},"size":4.52873420715332,"orthographic":false}